﻿<?xml version="1.0" encoding="utf-8"?>
<Collection MaxLevel="8" TileSize="256" Format="jpg" NextItemId="2" ServerFormat="Default" xmlns="http://schemas.microsoft.com/deepzoom/2009">
  <Items>
    <I Id="0" N="0" Source="dzc_output_images/dsc01836.xml">
      <Size Width="3872" Height="2592" />
      <Viewport Width="1" X="-0" Y="-0" />
    </I>
    <I Id="1" N="1" Source="dzc_output_images/maps-proportions-1.0.xml">
      <Size Width="1920" Height="1080" />
      <Viewport Width="1.0000000000000009" X="-0" Y="-0.66942148760330666" />
    </I>
  </Items>
</Collection>